{"v":"5.4.3","fr":30,"ip":0,"op":70,"w":512,"h":512,"nm":"Comp 1","ddd":0,"assets":[],"layers":[{"ddd":0,"ind":1,"ty":4,"nm":"Shape Layer 2","td":1,"sr":1,"ks":{"o":{"a":0,"k":100,"ix":11},"r":{"a":0,"k":0,"ix":10},"p":{"a":0,"k":[256,256,0],"ix":2},"a":{"a":0,"k":[0,0,0],"ix":1},"s":{"a":0,"k":[100,100,100],"ix":6}},"ao":0,"shapes":[{"ty":"gr","it":[{"ind":0,"ty":"sh","ix":1,"ks":{"a":1,"k":[{"i":{"x":0.833,"y":0.833},"o":{"x":0.167,"y":0.167},"n":"0p833_0p833_0p167_0p167","t":25,"s":[{"i":[[0,0],[0,0],[0,0],[0,0],[0,0],[0,0],[0,0],[0,0],[0,0],[0,0],[0,0]],"o":[[0,0],[0,0],[0,0],[0,0],[0,0],[0,0],[0,0],[0,0],[0,0],[0,0],[0,0]],"v":[[-111.5,-61],[-142,-19.25],[-132.784,-12.1],[-127.541,-8.032],[-127.502,-8.002],[-127.5,-8],[-127.5,-8],[-127.5,-8],[-98,-50],[-98.073,-50.059],[-103.793,-54.72]],"c":true}],"e":[{"i":[[0,0],[0,0],[0,0],[0,0],[0,0],[0,0],[0,0],[0,0],[0,0],[0,0],[0,0]],"o":[[0,0],[0,0],[0,0],[0,0],[0,0],[0,0],[0,0],[0,0],[0,0],[0,0],[0,0]],"v":[[-111.5,-61],[-142,-19.25],[-133.425,-12.597],[-35.772,63.399],[-35.038,63.97],[-35.006,63.995],[-35.001,63.999],[-35,64],[-5.5,22],[-6.741,21.031],[-104.11,-54.979]],"c":true}]},{"i":{"x":0.833,"y":0.833},"o":{"x":0.167,"y":0.167},"n":"0p833_0p833_0p167_0p167","t":29,"s":[{"i":[[0,0],[0,0],[0,0],[0,0],[0,0],[0,0],[0,0],[0,0],[0,0],[0,0],[0,0]],"o":[[0,0],[0,0],[0,0],[0,0],[0,0],[0,0],[0,0],[0,0],[0,0],[0,0],[0,0]],"v":[[-111.5,-61],[-142,-19.25],[-133.425,-12.597],[-35.772,63.399],[-35.038,63.97],[-35.006,63.995],[-35.001,63.999],[-35,64],[-5.5,22],[-6.741,21.031],[-104.11,-54.979]],"c":true}],"e":[{"i":[[0,0],[0,0],[0,0],[0,0],[0,0],[0,0],[0,0],[0,0],[0,0],[0,0],[0,0]],"o":[[0,0],[0,0],[0,0],[0,0],[0,0],[0,0],[0,0],[0,0],[0,0],[0,0],[0,0]],"v":[[-111.5,-61],[-142,-19.25],[-133.425,-12.597],[-40.122,60.014],[-6.248,79.051],[13.063,77.138],[32.8,49.747],[35.5,46],[-5.5,22],[-6.741,21.031],[-104.11,-54.979]],"c":true}]},{"i":{"x":0.833,"y":0.833},"o":{"x":0.167,"y":0.167},"n":"0p833_0p833_0p167_0p167","t":30,"s":[{"i":[[0,0],[0,0],[0,0],[0,0],[0,0],[0,0],[0,0],[0,0],[0,0],[0,0],[0,0]],"o":[[0,0],[0,0],[0,0],[0,0],[0,0],[0,0],[0,0],[0,0],[0,0],[0,0],[0,0]],"v":[[-111.5,-61],[-142,-19.25],[-133.425,-12.597],[-40.122,60.014],[-6.248,79.051],[13.063,77.138],[32.8,49.747],[35.5,46],[-5.5,22],[-6.741,21.031],[-104.11,-54.979]],"c":true}],"e":[{"i":[[0,0],[0,0],[0,0],[0,0],[0,0],[0,0],[0,0],[0,0],[0,0],[0,0],[0,0]],"o":[[0,0],[0,0],[0,0],[0,0],[0,0],[0,0],[0,0],[0,0],[0,0],[0,0],[0,0]],"v":[[-111.5,-61],[-142,-19.25],[-133.425,-12.597],[-40.122,60.014],[-6.248,79.051],[13.063,77.138],[30.642,52.742],[185.5,-131.5],[154,-162],[-12.032,16.901],[-104.11,-54.979]],"c":true}]},{"t":34}],"ix":2},"nm":"Path 1","mn":"ADBE Vector Shape - Group","hd":false},{"ty":"fl","c":{"a":0,"k":[1,1,1,1],"ix":4},"o":{"a":0,"k":100,"ix":5},"r":1,"bm":0,"nm":"Fill 1","mn":"ADBE Vector Graphic - Fill","hd":false},{"ty":"tr","p":{"a":0,"k":[0,-0.5],"ix":2},"a":{"a":0,"k":[0,0],"ix":1},"s":{"a":0,"k":[100,100],"ix":3},"r":{"a":0,"k":0,"ix":6},"o":{"a":0,"k":100,"ix":7},"sk":{"a":0,"k":0,"ix":4},"sa":{"a":0,"k":0,"ix":5},"nm":"Transform"}],"nm":"Shape 1","np":3,"cix":2,"bm":0,"ix":1,"mn":"ADBE Vector Group","hd":false}],"ip":3,"op":93,"st":3,"bm":0},{"ddd":0,"ind":2,"ty":4,"nm":"Tick","tt":1,"sr":1,"ks":{"o":{"a":0,"k":100,"ix":11},"r":{"a":0,"k":0,"ix":10},"p":{"a":0,"k":[271.455,251.191,0],"ix":2},"a":{"a":0,"k":[15,15,0],"ix":1},"s":{"a":0,"k":[1967.592,1967.592,100],"ix":6}},"ao":0,"shapes":[{"ty":"gr","it":[{"ind":0,"ty":"sh","ix":1,"ks":{"a":0,"k":{"i":[[0.524,0.404],[0,0],[-0.478,0.705],[0,0],[0,0],[0,0],[-0.556,-0.468],[0,0],[0,0]],"o":[[0,0],[0,0],[0.506,-0.749],[0,0],[0,0],[0,0],[0.555,0.468],[0,0],[-0.427,0.546]],"v":[[-2.212,5.361],[-6.988,1.755],[-6.988,0.59],[-5.821,0.217],[-1.692,3.335],[5.601,-5.314],[6.911,-5.314],[7.077,-4.072],[-0.777,5.236]],"c":true},"ix":2},"nm":"Path 1","mn":"ADBE Vector Shape - Group","hd":false},{"ty":"fl","c":{"a":0,"k":[0,0.701960784314,0.016516741584,1],"ix":4},"o":{"a":0,"k":100,"ix":5},"r":1,"bm":0,"nm":"Fill 1","mn":"ADBE Vector Graphic - Fill","hd":false},{"ty":"tr","p":{"a":0,"k":[15.595,13.352],"ix":2},"a":{"a":0,"k":[0,0],"ix":1},"s":{"a":0,"k":[100,100],"ix":3},"r":{"a":0,"k":0,"ix":6},"o":{"a":0,"k":100,"ix":7},"sk":{"a":0,"k":0,"ix":4},"sa":{"a":0,"k":0,"ix":5},"nm":"Transform"}],"nm":"Group 1","np":2,"cix":2,"bm":0,"ix":1,"mn":"ADBE Vector Group","hd":false}],"ip":0,"op":90,"st":0,"bm":0},{"ddd":0,"ind":3,"ty":4,"nm":"Shape Layer 3","td":1,"sr":1,"ks":{"o":{"a":0,"k":100,"ix":11},"r":{"a":0,"k":0,"ix":10},"p":{"a":0,"k":[256,256,0],"ix":2},"a":{"a":0,"k":[0,0,0],"ix":1},"s":{"a":0,"k":[100,100,100],"ix":6}},"ao":0,"shapes":[{"ty":"gr","it":[{"ind":0,"ty":"sh","ix":1,"ks":{"a":1,"k":[{"i":{"x":0.833,"y":0.833},"o":{"x":0.167,"y":0.167},"n":"0p833_0p833_0p167_0p167","t":0,"s":[{"i":[[0,0],[0,0],[0,0],[0,0],[0,0],[0,0],[0,0],[0,0],[0,0],[0,0],[0,0],[0,0],[0,0],[0,0],[0,0],[0,0],[0,0],[0,0]],"o":[[0,0],[0,0],[0,0],[0,0],[0,0],[0,0],[0,0],[0,0],[0,0],[0,0],[0,0],[0,0],[0,0],[0,0],[0,0],[0,0],[0,0],[0,0]],"v":[[107,-193],[102.227,-184.648],[99.78,-180.365],[94.843,-171.726],[93.346,-169.106],[93.296,-169.018],[93.291,-169.01],[79,-144],[79,-144],[79,-144],[79.005,-143.997],[79.064,-143.963],[79.7,-143.596],[89.439,-137.977],[105,-129],[133,-189],[117.867,-191.328],[107.562,-192.914]],"c":true}],"e":[{"i":[[0,0],[0,0],[0,0],[0,0],[0,0],[0,0],[0,0],[0,0],[0,0],[0,0],[0,0],[0,0],[0,0],[0,0],[0,0],[0,0],[0,0],[0,0]],"o":[[0,0],[0,0],[0,0],[0,0],[0,0],[0,0],[0,0],[0,0],[0,0],[0,0],[0,0],[0,0],[0,0],[0,0],[0,0],[0,0],[0,0],[0,0]],"v":[[-129,-221],[-120.818,-203.102],[-116.623,-193.926],[-108.16,-175.413],[-105.594,-169.799],[-105.508,-169.61],[-105.499,-169.592],[-81,-116],[-80.999,-116],[-80.993,-116.001],[-80.917,-116.01],[-79.95,-116.132],[-69.513,-117.441],[90.283,-137.491],[105,-129],[133,-189],[38.572,-235.22],[-120.333,-221.735]],"c":true}]},{"i":{"x":0.833,"y":0.833},"o":{"x":0.167,"y":0.167},"n":"0p833_0p833_0p167_0p167","t":3,"s":[{"i":[[0,0],[0,0],[0,0],[0,0],[0,0],[0,0],[0,0],[0,0],[0,0],[0,0],[0,0],[0,0],[0,0],[0,0],[0,0],[0,0],[0,0],[0,0]],"o":[[0,0],[0,0],[0,0],[0,0],[0,0],[0,0],[0,0],[0,0],[0,0],[0,0],[0,0],[0,0],[0,0],[0,0],[0,0],[0,0],[0,0],[0,0]],"v":[[-129,-221],[-120.818,-203.102],[-116.623,-193.926],[-108.16,-175.413],[-105.594,-169.799],[-105.508,-169.61],[-105.499,-169.592],[-81,-116],[-80.999,-116],[-80.993,-116.001],[-80.917,-116.01],[-79.95,-116.132],[-69.513,-117.441],[90.283,-137.491],[105,-129],[133,-189],[38.572,-235.22],[-120.333,-221.735]],"c":true}],"e":[{"i":[[0,0],[0,0],[0,0],[0,0],[0,0],[0,0],[0,0],[0,0],[0,0],[0,0],[0,0],[0,0],[0,0],[0,0],[0,0],[0,0],[0,0],[0,0]],"o":[[0,0],[0,0],[0,0],[0,0],[0,0],[0,0],[0,0],[0,0],[0,0],[0,0],[0,0],[0,0],[0,0],[0,0],[0,0],[0,0],[0,0],[0,0]],"v":[[-211,-151],[-245.255,14.526],[-235.324,12.153],[-215.291,7.365],[-209.217,5.913],[-209.012,5.865],[-208.993,5.86],[-151,-8],[-150.995,-8.005],[-150.941,-8.068],[-150.301,-8.802],[-142.128,-18.181],[-53.924,-119.397],[90.283,-137.491],[105,-129],[133,-189],[38.572,-235.22],[-105.912,-222.959]],"c":true}]},{"i":{"x":0.833,"y":0.833},"o":{"x":0.167,"y":0.167},"n":"0p833_0p833_0p167_0p167","t":6,"s":[{"i":[[0,0],[0,0],[0,0],[0,0],[0,0],[0,0],[0,0],[0,0],[0,0],[0,0],[0,0],[0,0],[0,0],[0,0],[0,0],[0,0],[0,0],[0,0]],"o":[[0,0],[0,0],[0,0],[0,0],[0,0],[0,0],[0,0],[0,0],[0,0],[0,0],[0,0],[0,0],[0,0],[0,0],[0,0],[0,0],[0,0],[0,0]],"v":[[-211,-151],[-245.255,14.526],[-235.324,12.153],[-215.291,7.365],[-209.217,5.913],[-209.012,5.865],[-208.993,5.86],[-151,-8],[-150.995,-8.005],[-150.941,-8.068],[-150.301,-8.802],[-142.128,-18.181],[-53.924,-119.397],[90.283,-137.491],[105,-129],[133,-189],[38.572,-235.22],[-105.912,-222.959]],"c":true}],"e":[{"i":[[0,0],[0,0],[0,0],[0,0],[0,0],[0,0],[0,0],[0,0],[0,0],[0,0],[0,0],[0,0],[0,0],[0,0],[0,0],[0,0],[0,0],[0,0]],"o":[[0,0],[0,0],[0,0],[0,0],[0,0],[0,0],[0,0],[0,0],[0,0],[0,0],[0,0],[0,0],[0,0],[0,0],[0,0],[0,0],[0,0],[0,0]],"v":[[-211,-151],[-245.255,14.526],[-204.978,157.381],[-134.962,228.071],[-130.241,218.616],[-130.083,218.298],[-130.067,218.267],[-85,128],[-85.026,127.917],[-85.32,126.952],[-88.774,115.646],[-132.893,-28.778],[-53.924,-119.397],[90.283,-137.491],[105,-129],[133,-189],[38.572,-235.22],[-105.912,-222.959]],"c":true}]},{"i":{"x":0.833,"y":0.833},"o":{"x":0.167,"y":0.167},"n":"0p833_0p833_0p167_0p167","t":9,"s":[{"i":[[0,0],[0,0],[0,0],[0,0],[0,0],[0,0],[0,0],[0,0],[0,0],[0,0],[0,0],[0,0],[0,0],[0,0],[0,0],[0,0],[0,0],[0,0]],"o":[[0,0],[0,0],[0,0],[0,0],[0,0],[0,0],[0,0],[0,0],[0,0],[0,0],[0,0],[0,0],[0,0],[0,0],[0,0],[0,0],[0,0],[0,0]],"v":[[-211,-151],[-245.255,14.526],[-204.978,157.381],[-134.962,228.071],[-130.241,218.616],[-130.083,218.298],[-130.067,218.267],[-85,128],[-85.026,127.917],[-85.32,126.952],[-88.774,115.646],[-132.893,-28.778],[-53.924,-119.397],[90.283,-137.491],[105,-129],[133,-189],[38.572,-235.22],[-105.912,-222.959]],"c":true}],"e":[{"i":[[0,0],[0,0],[0,0],[0,0],[0,0],[0,0],[0,0],[0,0],[0,0],[0,0],[0,0],[0,0],[0,0],[0,0],[0,0],[0,0],[0,0],[0,0]],"o":[[0,0],[0,0],[0,0],[0,0],[0,0],[0,0],[0,0],[0,0],[0,0],[0,0],[0,0],[0,0],[0,0],[0,0],[0,0],[0,0],[0,0],[0,0]],"v":[[-211,-151],[-245.255,14.526],[-204.978,157.381],[-134.962,228.071],[70.378,245.284],[77.282,245.863],[77.95,245.919],[35,124],[34.134,123.845],[24.125,122.049],[-93.25,100.993],[-132.893,-28.778],[-53.924,-119.397],[90.283,-137.491],[105,-129],[133,-189],[38.572,-235.22],[-105.912,-222.959]],"c":true}]},{"i":{"x":0.833,"y":0.833},"o":{"x":0.167,"y":0.167},"n":"0p833_0p833_0p167_0p167","t":13,"s":[{"i":[[0,0],[0,0],[0,0],[0,0],[0,0],[0,0],[0,0],[0,0],[0,0],[0,0],[0,0],[0,0],[0,0],[0,0],[0,0],[0,0],[0,0],[0,0]],"o":[[0,0],[0,0],[0,0],[0,0],[0,0],[0,0],[0,0],[0,0],[0,0],[0,0],[0,0],[0,0],[0,0],[0,0],[0,0],[0,0],[0,0],[0,0]],"v":[[-211,-151],[-245.255,14.526],[-204.978,157.381],[-134.962,228.071],[70.378,245.284],[77.282,245.863],[77.95,245.919],[35,124],[34.134,123.845],[24.125,122.049],[-93.25,100.993],[-132.893,-28.778],[-53.924,-119.397],[90.283,-137.491],[105,-129],[133,-189],[38.572,-235.22],[-105.912,-222.959]],"c":true}],"e":[{"i":[[0,0],[0,0],[0,0],[0,0],[0,0],[0,0],[0,0],[0,0],[0,0],[0,0],[0,0],[0,0],[0,0],[0,0],[0,0],[0,0],[0,0],[0,0]],"o":[[0,0],[0,0],[0,0],[0,0],[0,0],[0,0],[0,0],[0,0],[0,0],[0,0],[0,0],[0,0],[0,0],[0,0],[0,0],[0,0],[0,0],[0,0]],"v":[[-211,-151],[-245.255,14.526],[-204.978,157.381],[-134.962,228.071],[53.841,243.898],[185.24,150.913],[197.95,141.919],[141,38],[130.729,44.52],[12.022,119.878],[-93.25,100.993],[-132.893,-28.778],[-53.924,-119.397],[90.283,-137.491],[105,-129],[133,-189],[38.572,-235.22],[-105.912,-222.959]],"c":true}]},{"i":{"x":0.833,"y":0.833},"o":{"x":0.167,"y":0.167},"n":"0p833_0p833_0p167_0p167","t":16,"s":[{"i":[[0,0],[0,0],[0,0],[0,0],[0,0],[0,0],[0,0],[0,0],[0,0],[0,0],[0,0],[0,0],[0,0],[0,0],[0,0],[0,0],[0,0],[0,0]],"o":[[0,0],[0,0],[0,0],[0,0],[0,0],[0,0],[0,0],[0,0],[0,0],[0,0],[0,0],[0,0],[0,0],[0,0],[0,0],[0,0],[0,0],[0,0]],"v":[[-211,-151],[-245.255,14.526],[-204.978,157.381],[-134.962,228.071],[53.841,243.898],[185.24,150.913],[197.95,141.919],[141,38],[130.729,44.52],[12.022,119.878],[-93.25,100.993],[-132.893,-28.778],[-53.924,-119.397],[90.283,-137.491],[105,-129],[133,-189],[38.572,-235.22],[-105.912,-222.959]],"c":true}],"e":[{"i":[[0,0],[0,0],[0,0],[0,0],[0,0],[0,0],[0,0],[0,0],[0,0],[0,0],[0,0],[0,0],[0,0],[0,0],[0,0],[0,0],[0,0],[0,0]],"o":[[0,0],[0,0],[0,0],[0,0],[0,0],[0,0],[0,0],[0,0],[0,0],[0,0],[0,0],[0,0],[0,0],[0,0],[0,0],[0,0],[0,0],[0,0]],"v":[[-211,-151],[-245.255,14.526],[-204.978,157.381],[-134.962,228.071],[53.841,243.898],[171.58,160.58],[249.95,-62.081],[165,-80],[118.656,52.184],[12.022,119.878],[-93.25,100.993],[-132.893,-28.778],[-53.924,-119.397],[90.283,-137.491],[105,-129],[133,-189],[38.572,-235.22],[-105.912,-222.959]],"c":true}]},{"t":19}],"ix":2},"nm":"Path 1","mn":"ADBE Vector Shape - Group","hd":false},{"ty":"fl","c":{"a":0,"k":[1,1,1,1],"ix":4},"o":{"a":0,"k":100,"ix":5},"r":1,"bm":0,"nm":"Fill 1","mn":"ADBE Vector Graphic - Fill","hd":false},{"ty":"tr","p":{"a":0,"k":[0,0],"ix":2},"a":{"a":0,"k":[0,0],"ix":1},"s":{"a":0,"k":[100,100],"ix":3},"r":{"a":0,"k":0,"ix":6},"o":{"a":0,"k":100,"ix":7},"sk":{"a":0,"k":0,"ix":4},"sa":{"a":0,"k":0,"ix":5},"nm":"Transform"}],"nm":"Shape 1","np":3,"cix":2,"bm":0,"ix":1,"mn":"ADBE Vector Group","hd":false}],"ip":0,"op":90,"st":0,"bm":0},{"ddd":0,"ind":4,"ty":4,"nm":"Round","tt":1,"sr":1,"ks":{"o":{"a":0,"k":100,"ix":11},"r":{"a":0,"k":0,"ix":10},"p":{"a":0,"k":[271.455,251.191,0],"ix":2},"a":{"a":0,"k":[15,15,0],"ix":1},"s":{"a":0,"k":[1967.592,1967.592,100],"ix":6}},"ao":0,"shapes":[{"ty":"gr","it":[{"ind":0,"ty":"sh","ix":1,"ks":{"a":0,"k":{"i":[[-5.475,1.274],[-1.886,-0.67],[0.471,-0.84],[0,0],[1.39,-4.633],[-4.634,-1.39],[-1.39,4.633],[0.342,1.483],[0,0],[-0.845,0.23],[0,0],[1.536,-2.46],[4.788,3.241],[0.531,2.715]],"o":[[1.949,-0.453],[0,0],[-0.411,0.735],[-4.633,-1.39],[-1.391,4.633],[4.633,1.39],[0.437,-1.457],[0,0],[0,0],[0.84,-0.227],[0.568,2.845],[-3.241,4.788],[-2.291,-1.551],[-1.077,-5.516]],"v":[[-2.09,-10.809],[3.783,-10.476],[4.358,-9.268],[2.83,-9.056],[-8.076,-3.184],[-2.204,7.723],[8.702,1.851],[8.848,-2.635],[8.843,-2.659],[9.401,-3.772],[10.48,-3.038],[8.973,5.22],[-5.565,8.021],[-9.971,1.36]],"c":true},"ix":2},"nm":"Path 1","mn":"ADBE Vector Shape - Group","hd":false},{"ty":"fl","c":{"a":0,"k":[0,0.701960784314,0.01568627451,1],"ix":4},"o":{"a":0,"k":100,"ix":5},"r":1,"bm":0,"nm":"Fill 1","mn":"ADBE Vector Graphic - Fill","hd":false},{"ty":"tr","p":{"a":0,"k":[13.947,15.874],"ix":2},"a":{"a":0,"k":[0,0],"ix":1},"s":{"a":0,"k":[100,100],"ix":3},"r":{"a":0,"k":0,"ix":6},"o":{"a":0,"k":100,"ix":7},"sk":{"a":0,"k":0,"ix":4},"sa":{"a":0,"k":0,"ix":5},"nm":"Transform"}],"nm":"Group 2","np":2,"cix":2,"bm":0,"ix":1,"mn":"ADBE Vector Group","hd":false}],"ip":0,"op":90,"st":0,"bm":0}],"markers":[]}